{"train": [2.211069402013506, 2.1183298092796687, 2.100094159898304, 2.0884013032913207, 2.076838066691444, 2.0739487350554695, 2.064427767026992, 2.061381782123021, 2.058207506452288, 2.0535905815306164, 2.0501344015484766, 2.046601860863822, 2.044932852018447, 2.042142398243859, 2.0417624450865244, 2.0364675324303763, 2.037324844542004, 2.0333236524036953, 2.032222376550947, 2.0290699484234764, 2.029273879414513, 2.0281552217120216, 2.026332408814203, 2.0234957347597393, 2.02299676100413], "val": [2.1358604444776264, 2.12295791557857, 2.108329757281712, 2.1270153774533953, 2.1296436384746005, 2.110119365964617, 2.0996598659242904, 2.1112556321280342, 2.115325162751334, 2.12006973198482, 2.1127512775148665, 2.108734712600708, 2.0985742139816286, 2.1070447390420095, 2.102158123425075, 2.099602488109044, 2.113464729445321, 2.100380342347281, 2.101409982953753, 2.1246685818263464, 2.1040763657433645, 2.1106208889825004, 2.1091500425338747, 2.113307248524257, 2.106340707370213]}